/*
 Navicat Premium Data Transfer

 Source Server         : localhost
 Source Server Type    : MySQL
 Source Server Version : 50720
 Source Host           : localhost
 Source Database       : dream

 Target Server Type    : MySQL
 Target Server Version : 50720
 File Encoding         : utf-8

 Date: 02/03/2018 19:06:00 PM
*/

SET NAMES utf8;
SET FOREIGN_KEY_CHECKS = 0;

-- ----------------------------
--  Table structure for `appointments`
-- ----------------------------
DROP TABLE IF EXISTS `appointments`;
CREATE TABLE `appointments` (
  `id` int(11) NOT NULL AUTO_INCREMENT,
  `service_id` int(11) DEFAULT NULL,
  `client_id` int(11) DEFAULT NULL,
  `schedule` datetime DEFAULT NULL,
  `status` enum('pending','active','fulfilled','cancelled') DEFAULT 'pending',
  PRIMARY KEY (`id`)
) ENGINE=InnoDB AUTO_INCREMENT=10 DEFAULT CHARSET=utf8;

-- ----------------------------
--  Records of `appointments`
-- ----------------------------
BEGIN;
INSERT INTO `appointments` VALUES ('1', '2', '1', '2018-01-17 00:00:00', 'fulfilled'), ('3', '2', '1', '2018-01-18 18:55:55', 'active'), ('4', '2', '1', '2018-01-26 18:56:00', 'pending'), ('5', '11', '1', '2018-01-17 18:56:03', 'pending'), ('6', '11', '1', '2018-01-18 18:56:07', 'pending'), ('7', '11', '1', '2018-01-30 13:00:00', 'pending'), ('8', null, null, '2018-01-30 18:50:23', ''), ('9', '12', '3', '2018-02-01 18:00:00', 'pending');
COMMIT;

-- ----------------------------
--  Table structure for `appointments_settings`
-- ----------------------------
DROP TABLE IF EXISTS `appointments_settings`;
CREATE TABLE `appointments_settings` (
  `id` int(11) NOT NULL AUTO_INCREMENT,
  `type` enum('schedule','days_off') DEFAULT NULL,
  `weekdays` varchar(100) DEFAULT NULL,
  `date` date DEFAULT NULL,
  `start` varchar(50) DEFAULT NULL,
  `end` varchar(50) DEFAULT NULL,
  PRIMARY KEY (`id`)
) ENGINE=InnoDB AUTO_INCREMENT=56 DEFAULT CHARSET=utf8;

-- ----------------------------
--  Records of `appointments_settings`
-- ----------------------------
BEGIN;
INSERT INTO `appointments_settings` VALUES ('33', 'schedule', '[0,1,2,3]', null, '09:00', '21:00'), ('37', 'days_off', null, '2018-01-23', null, null), ('40', 'days_off', null, '2018-01-28', null, null), ('46', 'days_off', null, '2018-01-24', null, null), ('47', 'days_off', null, '2018-04-01', null, null), ('48', 'days_off', null, '2018-04-08', null, null), ('50', 'days_off', null, '2018-02-01', null, null), ('52', 'days_off', null, '2018-02-14', null, null), ('55', 'days_off', null, '2018-02-21', null, null);
COMMIT;

-- ----------------------------
--  Table structure for `blog_categories`
-- ----------------------------
DROP TABLE IF EXISTS `blog_categories`;
CREATE TABLE `blog_categories` (
  `id` int(11) NOT NULL AUTO_INCREMENT,
  `name` varchar(100) DEFAULT NULL,
  PRIMARY KEY (`id`),
  UNIQUE KEY `unq` (`name`)
) ENGINE=InnoDB AUTO_INCREMENT=4 DEFAULT CHARSET=utf8;

-- ----------------------------
--  Records of `blog_categories`
-- ----------------------------
BEGIN;
INSERT INTO `blog_categories` VALUES ('1', 'Conrad'), ('3', 'Ent App 2018'), ('2', 'oranges');
COMMIT;

-- ----------------------------
--  Table structure for `blogs`
-- ----------------------------
DROP TABLE IF EXISTS `blogs`;
CREATE TABLE `blogs` (
  `id` int(11) NOT NULL AUTO_INCREMENT,
  `date` timestamp NULL DEFAULT NULL,
  `cat_id` int(11) DEFAULT NULL,
  `title` varchar(100) DEFAULT NULL,
  `image` varchar(50) DEFAULT NULL,
  `intro` text,
  `content` text,
  PRIMARY KEY (`id`)
) ENGINE=InnoDB AUTO_INCREMENT=7 DEFAULT CHARSET=utf8;

-- ----------------------------
--  Records of `blogs`
-- ----------------------------
BEGIN;
INSERT INTO `blogs` VALUES ('1', '2018-01-23 08:30:00', null, 'UNITED Marriage Class', '1516754609.jpg', 'This is an intro to the blog', '&lt;p&gt;&lt;img src=&quot;https://twemoji.maxcdn.com/2/svg/2665.svg&quot; style=&quot;width: 25%;&quot;&gt;dfdf sgsdfgdsfg dfdsf sdf sdfd&lt;/p&gt;&lt;p&gt;&lt;img src=&quot;/assets/img/blog/1517440117.jpg&quot; data-filename=&quot;1517440117.jpg&quot; style=&quot;width: 500px;&quot;&gt;&lt;br&gt;&lt;/p&gt;'), ('5', '2018-01-24 14:39:00', null, 'test', '1516822764.jpg', 'wer', '&lt;p&gt;wer&lt;/p&gt;&lt;p&gt;&lt;img src=&quot;/assets/img/blog/1516918970.jpg&quot; data-filename=&quot;1516918970.jpg&quot; style=&quot;font-size: 0.875rem; width: 720px;&quot;&gt;&lt;/p&gt;'), ('6', '2018-01-24 14:44:00', null, 'sdf', '1516823365.png', null, '&lt;p&gt;dffgdgfdfg&lt;img src=&quot;/assets/img/blog/1516898228.jpg&quot; data-filename=&quot;1516898228.jpg&quot; style=&quot;width: 25%;&quot;&gt;&lt;/p&gt;');
COMMIT;

-- ----------------------------
--  Table structure for `ci_sessions`
-- ----------------------------
DROP TABLE IF EXISTS `ci_sessions`;
CREATE TABLE `ci_sessions` (
  `id` varchar(128) NOT NULL,
  `ip_address` varchar(45) NOT NULL,
  `timestamp` int(10) unsigned NOT NULL DEFAULT '0',
  `data` blob NOT NULL,
  PRIMARY KEY (`id`),
  KEY `ci_sessions_timestamp` (`timestamp`)
) ENGINE=InnoDB DEFAULT CHARSET=utf8;

-- ----------------------------
--  Records of `ci_sessions`
-- ----------------------------
BEGIN;
INSERT INTO `ci_sessions` VALUES ('043kr9qgec17fad2v7njut9nkvhsec7o', '127.0.0.1', '1517355953', 0x5f5f63695f6c6173745f726567656e65726174657c693a313531373335353935333b757365725f69647c733a313a2232223b61646d696e5f69647c733a313a2231223b), ('0dr3tof9sau34osh69kp15q8tf1usqum', '127.0.0.1', '1517353174', 0x5f5f63695f6c6173745f726567656e65726174657c693a313531373335333137343b757365725f69647c733a313a2232223b61646d696e5f69647c733a313a2231223b), ('0kemrultu6ntace22un5uqqbqjtpouo5', '127.0.0.1', '1516933565', 0x5f5f63695f6c6173745f726567656e65726174657c693a313531363933333536353b61646d696e5f69647c733a313a2231223b757365725f69647c733a313a2232223b), ('0m92jpn2srqpla9mgh2psd8p2p553jda', '127.0.0.1', '1516935104', 0x5f5f63695f6c6173745f726567656e65726174657c693a313531363933343839303b61646d696e5f69647c733a313a2231223b757365725f69647c733a313a2232223b), ('0og1s3ji5cb7d5c87tht2n75smkk232k', '127.0.0.1', '1517353512', 0x5f5f63695f6c6173745f726567656e65726174657c693a313531373335333531323b757365725f69647c733a313a2232223b61646d696e5f69647c733a313a2231223b), ('14bta44jldh7mju225rlu83tccoimkv5', '127.0.0.1', '1516756622', 0x5f5f63695f6c6173745f726567656e65726174657c693a313531363735363632323b61646d696e5f69647c733a313a2231223b), ('18vln4e7mvefmv0kev02a3s7mu0vl7fa', '127.0.0.1', '1517324803', 0x5f5f63695f6c6173745f726567656e65726174657c693a313531373332343830333b), ('1g62jjdr4obr2g10hkg8l3lhap3oiob8', '127.0.0.1', '1516759694', 0x5f5f63695f6c6173745f726567656e65726174657c693a313531363735393639343b61646d696e5f69647c733a313a2231223b), ('1q8o7ehng58jsapiaahguht9k0056hif', '127.0.0.1', '1517533607', 0x5f5f63695f6c6173745f726567656e65726174657c693a313531373533333630373b61646d696e5f69647c733a313a2231223b), ('1queaalkarmo15k73bh1mqtsfi6oqcm4', '127.0.0.1', '1517358175', 0x5f5f63695f6c6173745f726567656e65726174657c693a313531373335383137353b757365725f69647c733a313a2232223b61646d696e5f69647c733a313a2231223b), ('24mvc9f7jk9udn6t8t6sk6duo2ksta7q', '127.0.0.1', '1516920068', 0x5f5f63695f6c6173745f726567656e65726174657c693a313531363932303036383b61646d696e5f69647c733a313a2231223b), ('27mi2jfb1sqi9bktn9earer4oh2mjblf', '127.0.0.1', '1517363819', 0x5f5f63695f6c6173745f726567656e65726174657c693a313531373336333831393b757365725f69647c733a313a2232223b61646d696e5f69647c733a313a2231223b), ('2ghc7kj2p1cnqikjnl4repeja57h3u2v', '127.0.0.1', '1516758102', 0x5f5f63695f6c6173745f726567656e65726174657c693a313531363735383130323b61646d696e5f69647c733a313a2231223b), ('2pipnqmjsbc46ffmhameps4pp4k8f8b3', '127.0.0.1', '1516807714', 0x5f5f63695f6c6173745f726567656e65726174657c693a313531363830373731343b61646d696e5f69647c733a313a2231223b), ('2tnt2bvgakc9con7ag0rfralsqpu6geb', '127.0.0.1', '1517533942', 0x5f5f63695f6c6173745f726567656e65726174657c693a313531373533333934323b61646d696e5f69647c733a313a2231223b), ('2u2o13e8tmt3lfteoumg0ifhlj21drsh', '127.0.0.1', '1517361448', 0x5f5f63695f6c6173745f726567656e65726174657c693a313531373336313434383b757365725f69647c733a313a2232223b61646d696e5f69647c733a313a2231223b), ('31sph5q8d9vqhnebsdaremortem6banr', '127.0.0.1', '1516748706', 0x5f5f63695f6c6173745f726567656e65726174657c693a313531363734383730363b61646d696e5f69647c733a313a2231223b), ('367m2qoos0qhg53nhifcerefq34ak7ip', '127.0.0.1', '1516853853', 0x5f5f63695f6c6173745f726567656e65726174657c693a313531363835333835333b61646d696e5f69647c733a313a2231223b), ('38sg16qheriikokgpjb952bb3n87pl4d', '127.0.0.1', '1517441223', 0x5f5f63695f6c6173745f726567656e65726174657c693a313531373434313130393b61646d696e5f69647c733a313a2231223b636172745f636f6e74656e74737c613a333a7b733a31303a22636172745f746f74616c223b643a313439393b733a31313a22746f74616c5f6974656d73223b643a313b733a33323a226338316537323864396434633266363336663036376638396363313438363263223b613a383a7b733a323a226964223b733a313a2232223b733a343a2274797065223b733a373a2270726f64756374223b733a343a226e616d65223b733a31313a224d6163426f6f6b20416972223b733a353a227072696365223b643a313439393b733a353a22696d616765223b733a31343a22313531353131333237372e6a7067223b733a333a22717479223b643a313b733a353a22726f776964223b733a33323a226338316537323864396434633266363336663036376638396363313438363263223b733a383a22737562746f74616c223b643a313439393b7d7d757365725f69647c733a313a2234223b), ('3clfd9du1i1mdpfdo89ac9pukio290ar', '127.0.0.1', '1517352561', 0x5f5f63695f6c6173745f726567656e65726174657c693a313531373335323536313b757365725f69647c733a313a2232223b61646d696e5f69647c733a313a2231223b), ('3d01idedahlq9lt7ojml7vg4v9r1677g', '127.0.0.1', '1516890735', 0x5f5f63695f6c6173745f726567656e65726174657c693a313531363839303731393b61646d696e5f69647c733a313a2231223b), ('416r983raslf7m616ie77kro30v9m0oo', '127.0.0.1', '1517330321', 0x5f5f63695f6c6173745f726567656e65726174657c693a313531373333303332313b757365725f69647c733a313a2232223b61646d696e5f69647c733a313a2231223b), ('4198q7o7clqaprhppadb5m44j0orujpi', '127.0.0.1', '1517583595', 0x5f5f63695f6c6173745f726567656e65726174657c693a313531373538333539353b), ('466dpojleae3f3s5nej4pjkk0m1eo2ck', '127.0.0.1', '1516823407', 0x5f5f63695f6c6173745f726567656e65726174657c693a313531363832333430373b61646d696e5f69647c733a313a2231223b), ('46l3vvuube54b4740om61mu2vuoujbo4', '127.0.0.1', '1516851470', 0x5f5f63695f6c6173745f726567656e65726174657c693a313531363835313437303b61646d696e5f69647c733a313a2231223b), ('4fsrpbhia4hu05cibmnp317o4begc9n2', '127.0.0.1', '1516737364', 0x5f5f63695f6c6173745f726567656e65726174657c693a313531363733373336343b61646d696e5f69647c733a313a2231223b), ('4qqvlm0u329a39ouacq5gcev8c02hc76', '127.0.0.1', '1517535306', 0x5f5f63695f6c6173745f726567656e65726174657c693a313531373533353330363b61646d696e5f69647c733a313a2231223b), ('5crph1jq5u0qebtgmm8a4sbmsksgd86j', '127.0.0.1', '1516734590', 0x5f5f63695f6c6173745f726567656e65726174657c693a313531363733343539303b61646d696e5f69647c733a313a2231223b), ('5vtj6q2m5hvdcckpp6h7s7v7s9n640e8', '127.0.0.1', '1517350369', 0x5f5f63695f6c6173745f726567656e65726174657c693a313531373335303336393b), ('61vml150bihb7ckcd37fl1bepg0oa3mj', '127.0.0.1', '1516748338', 0x5f5f63695f6c6173745f726567656e65726174657c693a313531363734383333383b61646d696e5f69647c733a313a2231223b), ('67hg9p5jqt7gj9jk8o7al95nsdl2ensj', '127.0.0.1', '1516810384', 0x5f5f63695f6c6173745f726567656e65726174657c693a313531363831303336353b61646d696e5f69647c733a313a2231223b), ('6dnvecdirq0i67tkaf549pq0281423qk', '127.0.0.1', '1517329975', 0x5f5f63695f6c6173745f726567656e65726174657c693a313531373332393937353b757365725f69647c733a313a2232223b61646d696e5f69647c733a313a2231223b), ('6m4r53tcrianm34nnj3ki3nh15t3rrhs', '127.0.0.1', '1516928903', 0x5f5f63695f6c6173745f726567656e65726174657c693a313531363932383930333b61646d696e5f69647c733a313a2231223b757365725f69647c733a313a2232223b), ('6m721bogmpm0mql55hk1a5dq0tdtkrf8', '127.0.0.1', '1516747843', 0x5f5f63695f6c6173745f726567656e65726174657c693a313531363734373834333b61646d696e5f69647c733a313a2231223b), ('6tq5u4hfn4a2krfdc85cgpq6g5ap2aup', '127.0.0.1', '1517364667', 0x5f5f63695f6c6173745f726567656e65726174657c693a313531373336343636373b757365725f69647c733a313a2232223b61646d696e5f69647c733a313a2231223b), ('70s3hfaopo7la99qc0huf4kk815thigj', '127.0.0.1', '1517531977', 0x5f5f63695f6c6173745f726567656e65726174657c693a313531373533313937373b61646d696e5f69647c733a313a2231223b), ('75t04v2jdrhieabh9tcsg07qdnuu0i3u', '127.0.0.1', '1517358494', 0x5f5f63695f6c6173745f726567656e65726174657c693a313531373335383439343b757365725f69647c733a313a2232223b61646d696e5f69647c733a313a2231223b), ('7kmooq96e31c79dkrv0nsh98nje46li9', '127.0.0.1', '1516749620', 0x5f5f63695f6c6173745f726567656e65726174657c693a313531363734393632303b61646d696e5f69647c733a313a2231223b), ('7l6rdcvt2rnds548hgf003gmlqgki5k0', '127.0.0.1', '1517529798', 0x5f5f63695f6c6173745f726567656e65726174657c693a313531373532393739383b61646d696e5f69647c733a313a2231223b), ('82c9hm2pcskkrbhor2dn9ss3arsscp43', '127.0.0.1', '1517354247', 0x5f5f63695f6c6173745f726567656e65726174657c693a313531373335343234373b757365725f69647c733a313a2232223b61646d696e5f69647c733a313a2231223b), ('8f27sq9emdajjuics0a307hsk74mpb6l', '127.0.0.1', '1517440611', 0x5f5f63695f6c6173745f726567656e65726174657c693a313531373434303631313b61646d696e5f69647c733a313a2231223b636172745f636f6e74656e74737c613a333a7b733a31303a22636172745f746f74616c223b643a313439393b733a31313a22746f74616c5f6974656d73223b643a313b733a33323a226338316537323864396434633266363336663036376638396363313438363263223b613a383a7b733a323a226964223b733a313a2232223b733a343a2274797065223b733a373a2270726f64756374223b733a343a226e616d65223b733a31313a224d6163426f6f6b20416972223b733a353a227072696365223b643a313439393b733a353a22696d616765223b733a31343a22313531353131333237372e6a7067223b733a333a22717479223b643a313b733a353a22726f776964223b733a33323a226338316537323864396434633266363336663036376638396363313438363263223b733a383a22737562746f74616c223b643a313439393b7d7d757365725f69647c733a313a2234223b), ('95u6qgdq2ngccklm59v3q94grganoe8g', '127.0.0.1', '1516822734', 0x5f5f63695f6c6173745f726567656e65726174657c693a313531363832323733343b61646d696e5f69647c733a313a2231223b), ('98c63ldvbg2820dct5iofq46oc6cuuic', '127.0.0.1', '1516806072', 0x5f5f63695f6c6173745f726567656e65726174657c693a313531363830363037323b61646d696e5f69647c733a313a2231223b), ('99b58us53bro0hhpgvo0r5csmv16q7jj', '127.0.0.1', '1516803225', 0x5f5f63695f6c6173745f726567656e65726174657c693a313531363830333232353b61646d696e5f69647c733a313a2231223b), ('9eurgvuictqg3q15e8isaq6q38gd6fe9', '127.0.0.1', '1517535787', 0x5f5f63695f6c6173745f726567656e65726174657c693a313531373533353738373b61646d696e5f69647c733a313a2231223b), ('9jsloqf72vng67hqkrkcrkvie8a3io65', '127.0.0.1', '1516752776', 0x5f5f63695f6c6173745f726567656e65726174657c693a313531363735323737363b61646d696e5f69647c733a313a2231223b), ('a5i3kr199s4dabasnsd1ivvtbs1g8j7n', '127.0.0.1', '1516934890', 0x5f5f63695f6c6173745f726567656e65726174657c693a313531363933343839303b61646d696e5f69647c733a313a2231223b757365725f69647c733a313a2232223b), ('a6k4khhjmh0jr9sr8h0tcoatmksf8uba', '127.0.0.1', '1517536651', 0x5f5f63695f6c6173745f726567656e65726174657c693a313531373533363635313b61646d696e5f69647c733a313a2231223b), ('a7ve4db10ie3hls49bc01fma13hjoqkq', '127.0.0.1', '1517441109', 0x5f5f63695f6c6173745f726567656e65726174657c693a313531373434313130393b61646d696e5f69647c733a313a2231223b636172745f636f6e74656e74737c613a333a7b733a31303a22636172745f746f74616c223b643a313439393b733a31313a22746f74616c5f6974656d73223b643a313b733a33323a226338316537323864396434633266363336663036376638396363313438363263223b613a383a7b733a323a226964223b733a313a2232223b733a343a2274797065223b733a373a2270726f64756374223b733a343a226e616d65223b733a31313a224d6163426f6f6b20416972223b733a353a227072696365223b643a313439393b733a353a22696d616765223b733a31343a22313531353131333237372e6a7067223b733a333a22717479223b643a313b733a353a22726f776964223b733a33323a226338316537323864396434633266363336663036376638396363313438363263223b733a383a22737562746f74616c223b643a313439393b7d7d757365725f69647c733a313a2234223b), ('aj5bihk92m1flnb549muokhb70p00tut', '127.0.0.1', '1516810055', 0x5f5f63695f6c6173745f726567656e65726174657c693a313531363831303035353b61646d696e5f69647c733a313a2231223b), ('ajrjslc5q2t12aolhr5ncdfetmfmr0tv', '127.0.0.1', '1516810365', 0x5f5f63695f6c6173745f726567656e65726174657c693a313531363831303336353b61646d696e5f69647c733a313a2231223b), ('akqa1fdc0isghtu93blpse4ugmv0cqm2', '127.0.0.1', '1517536293', 0x5f5f63695f6c6173745f726567656e65726174657c693a313531373533363239333b61646d696e5f69647c733a313a2231223b), ('b827fc2t866gi4pahed014pjj77l3fpb', '127.0.0.1', '1516750280', 0x5f5f63695f6c6173745f726567656e65726174657c693a313531363735303238303b61646d696e5f69647c733a313a2231223b), ('bah6mu1ck5baqvml35v6ln1vkkk6q12d', '127.0.0.1', '1516928113', 0x5f5f63695f6c6173745f726567656e65726174657c693a313531363932383131333b61646d696e5f69647c733a313a2231223b757365725f69647c733a313a2232223b), ('bqapa5uqlcjskgubthmiie8du33s2qon', '127.0.0.1', '1517352192', 0x5f5f63695f6c6173745f726567656e65726174657c693a313531373335323139323b757365725f69647c733a313a2232223b61646d696e5f69647c733a313a2231223b), ('bqhol82ec1b2fv9ptu7723eqbp864e18', '127.0.0.1', '1516735752', 0x5f5f63695f6c6173745f726567656e65726174657c693a313531363733353735323b61646d696e5f69647c733a313a2231223b), ('bsa8mulj67t5hkotsitehutntibh5icg', '127.0.0.1', '1516930668', 0x5f5f63695f6c6173745f726567656e65726174657c693a313531363933303636383b61646d696e5f69647c733a313a2231223b757365725f69647c733a313a2232223b), ('c6p6mmsn4ks9uurub3ba06k5vl0alidf', '127.0.0.1', '1517329251', 0x5f5f63695f6c6173745f726567656e65726174657c693a313531373332393235313b757365725f69647c733a313a2232223b), ('c6spttlf1249an0gr70tfdlbf8h5eq0u', '127.0.0.1', '1517326711', 0x5f5f63695f6c6173745f726567656e65726174657c693a313531373332363731313b757365725f69647c733a313a2232223b), ('c98lhqe0imsmcu60bqifg02rqvth1e0a', '127.0.0.1', '1516750805', 0x5f5f63695f6c6173745f726567656e65726174657c693a313531363735303830353b61646d696e5f69647c733a313a2231223b), ('cj66j5hp6k42ujh0i37mbiinngb9bnsb', '127.0.0.1', '1517536651', 0x5f5f63695f6c6173745f726567656e65726174657c693a313531373533363635313b61646d696e5f69647c733a313a2231223b), ('ck8odfm4r3j4cekrmo2rafqot0slt1ao', '127.0.0.1', '1516743301', 0x5f5f63695f6c6173745f726567656e65726174657c693a313531363734333330313b61646d696e5f69647c733a313a2231223b), ('cklohsaqo7ur2mtnrkdfsm7bmcjltoeo', '127.0.0.1', '1516926114', 0x5f5f63695f6c6173745f726567656e65726174657c693a313531363932363131343b61646d696e5f69647c733a313a2231223b757365725f69647c733a313a2232223b), ('cl5fqq3jgbjlvru36pnlg01b9li0nbtn', '127.0.0.1', '1516822346', 0x5f5f63695f6c6173745f726567656e65726174657c693a313531363832323334363b61646d696e5f69647c733a313a2231223b), ('csej2j1n8q83214elvk2p327sp9rsmlt', '127.0.0.1', '1516898402', 0x5f5f63695f6c6173745f726567656e65726174657c693a313531363839383230393b61646d696e5f69647c733a313a2231223b), ('cv1cp9a0mo74ttis3rsaimg3t6065teg', '127.0.0.1', '1517364323', 0x5f5f63695f6c6173745f726567656e65726174657c693a313531373336343332333b757365725f69647c733a313a2232223b61646d696e5f69647c733a313a2231223b), ('ddo0e4epot3l4hpg8dh5e8da04ah3j9s', '127.0.0.1', '1517584323', 0x5f5f63695f6c6173745f726567656e65726174657c693a313531373538343332333b), ('df2nkv24s9d1t97o8u8rs322sib1hvjl', '127.0.0.1', '1517534777', 0x5f5f63695f6c6173745f726567656e65726174657c693a313531373533343737373b61646d696e5f69647c733a313a2231223b), ('dogfcd12j7gaebput5st6h19vo0h5p5q', '127.0.0.1', '1516925063', 0x5f5f63695f6c6173745f726567656e65726174657c693a313531363932353036333b61646d696e5f69647c733a313a2231223b757365725f69647c733a313a2232223b), ('dpe61g4ervvao3ufuudfm6f8rlm1av6n', '127.0.0.1', '1516738059', 0x5f5f63695f6c6173745f726567656e65726174657c693a313531363733383035393b61646d696e5f69647c733a313a2231223b), ('e7915n4gcedkhd4b7lv9km922fl6r52i', '127.0.0.1', '1516736907', 0x5f5f63695f6c6173745f726567656e65726174657c693a313531363733363930373b61646d696e5f69647c733a313a2231223b), ('ecqg6h0s17kb5m11t41kg6qqtd75ufo9', '127.0.0.1', '1517330321', 0x5f5f63695f6c6173745f726567656e65726174657c693a313531373333303332313b757365725f69647c733a313a2232223b61646d696e5f69647c733a313a2231223b), ('embrsq5en785m6n6k4t5v3butdnu4quo', '127.0.0.1', '1516803890', 0x5f5f63695f6c6173745f726567656e65726174657c693a313531363830333839303b61646d696e5f69647c733a313a2231223b), ('eojq8st4kp3odd15i9ji45t1a4cmpdta', '127.0.0.1', '1517439063', 0x5f5f63695f6c6173745f726567656e65726174657c693a313531373433393036333b61646d696e5f69647c733a313a2231223b), ('f0ik2nc67j65c4pmcii8qlp72phlvckh', '127.0.0.1', '1517439771', 0x5f5f63695f6c6173745f726567656e65726174657c693a313531373433393737313b61646d696e5f69647c733a313a2231223b), ('fa75omcqcrc26uaj3i07ticqsm25kr9t', '127.0.0.1', '1516934579', 0x5f5f63695f6c6173745f726567656e65726174657c693a313531363933343537393b61646d696e5f69647c733a313a2231223b757365725f69647c733a313a2232223b), ('fijn373nfqb3a4ebfb8gd3gkqcdg2cag', '127.0.0.1', '1517584421', 0x5f5f63695f6c6173745f726567656e65726174657c693a313531373538343332333b), ('fju61aesffcaojcqc3s9fvusm5ncgbcr', '127.0.0.1', '1516803563', 0x5f5f63695f6c6173745f726567656e65726174657c693a313531363830333536333b61646d696e5f69647c733a313a2231223b), ('fnkge8mcapqj619rdiggug43hsb10g9k', '127.0.0.1', '1517358848', 0x5f5f63695f6c6173745f726567656e65726174657c693a313531373335383834383b757365725f69647c733a313a2232223b61646d696e5f69647c733a313a2231223b), ('frb29c2td90b9u36ocgso4nmn7n1fecj', '127.0.0.1', '1516755608', 0x5f5f63695f6c6173745f726567656e65726174657c693a313531363735353630383b61646d696e5f69647c733a313a2231223b), ('g1t77lt5pns8oopj178g3fbggttt8g4c', '127.0.0.1', '1517365878', 0x5f5f63695f6c6173745f726567656e65726174657c693a313531373336353737343b757365725f69647c733a313a2232223b61646d696e5f69647c733a313a2231223b), ('gc55ia7go01kbk1ocs4p6da7bios2ga5', '127.0.0.1', '1516823094', 0x5f5f63695f6c6173745f726567656e65726174657c693a313531363832333039343b61646d696e5f69647c733a313a2231223b), ('gtdlodhk760juehh2dp4nqt0v9ih8ajv', '127.0.0.1', '1516924719', 0x5f5f63695f6c6173745f726567656e65726174657c693a313531363932343731393b61646d696e5f69647c733a313a2231223b757365725f69647c733a313a2232223b), ('hfhts75dirkrakhq7cuoa4fv95vqofn9', '127.0.0.1', '1516926429', 0x5f5f63695f6c6173745f726567656e65726174657c693a313531363932363432393b61646d696e5f69647c733a313a2231223b757365725f69647c733a313a2232223b), ('hkt0djli70f48g7n35bm5k1gcdnncsfm', '127.0.0.1', '1517532600', 0x5f5f63695f6c6173745f726567656e65726174657c693a313531373533323630303b61646d696e5f69647c733a313a2231223b), ('hn79i9mnfsjla0132uaq7qh9cjm8202q', '127.0.0.1', '1516751644', 0x5f5f63695f6c6173745f726567656e65726174657c693a313531363735313634343b61646d696e5f69647c733a313a2231223b), ('hogv3qkih3si5rcgfm7h9gbbcc8i3f6j', '127.0.0.1', '1516932081', 0x5f5f63695f6c6173745f726567656e65726174657c693a313531363933323038313b61646d696e5f69647c733a313a2231223b757365725f69647c733a313a2232223b), ('ilqrl8mrih7p0dcte5o26k09fugom8rt', '127.0.0.1', '1517353945', 0x5f5f63695f6c6173745f726567656e65726174657c693a313531373335333934353b757365725f69647c733a313a2232223b61646d696e5f69647c733a313a2231223b), ('ipov50kr34ssdacqq6ao8h6dhpttcni7', '127.0.0.1', '1517617215', 0x5f5f63695f6c6173745f726567656e65726174657c693a313531373631373231353b), ('ir00dfijhfpg06g3v6hj1sj5gdkjnu46', '127.0.0.1', '1516737732', 0x5f5f63695f6c6173745f726567656e65726174657c693a313531363733373733323b61646d696e5f69647c733a313a2231223b), ('j22u11cln29jusb9ld57jieq7gsucg79', '127.0.0.1', '1516919388', 0x5f5f63695f6c6173745f726567656e65726174657c693a313531363931393338383b61646d696e5f69647c733a313a2231223b), ('jmcmic5p9i10t2hc6jifihd98p2vdlkf', '127.0.0.1', '1517359723', 0x5f5f63695f6c6173745f726567656e65726174657c693a313531373335393732333b757365725f69647c733a313a2232223b61646d696e5f69647c733a313a2231223b), ('jpu2rsab0vee6q4540pcbonfi3l8ubfm', '127.0.0.1', '1517362546', 0x5f5f63695f6c6173745f726567656e65726174657c693a313531373336323534363b757365725f69647c733a313a2232223b61646d696e5f69647c733a313a2231223b), ('jrg7s80g7eva7ig3h9qscrhikmoa4c6d', '127.0.0.1', '1516927547', 0x5f5f63695f6c6173745f726567656e65726174657c693a313531363932373534373b61646d696e5f69647c733a313a2231223b757365725f69647c733a313a2232223b), ('jtomo9lh3ops86655ei51vh082vb8aq1', '127.0.0.1', '1516931629', 0x5f5f63695f6c6173745f726567656e65726174657c693a313531363933313632393b61646d696e5f69647c733a313a2231223b757365725f69647c733a313a2232223b), ('k4lff22a4shdvgs66emhpanbn62n4qkl', '127.0.0.1', '1517365464', 0x5f5f63695f6c6173745f726567656e65726174657c693a313531373336353436343b757365725f69647c733a313a2232223b61646d696e5f69647c733a313a2231223b), ('k53ovo4qju1p2umqrdgskk8nr0ojd2cl', '127.0.0.1', '1516734253', 0x5f5f63695f6c6173745f726567656e65726174657c693a313531363733343235333b61646d696e5f69647c733a313a2231223b), ('k873epa0e8h72ao3cupktjj37ch0egk8', '127.0.0.1', '1517364974', 0x5f5f63695f6c6173745f726567656e65726174657c693a313531373336343937343b757365725f69647c733a313a2232223b61646d696e5f69647c733a313a2231223b), ('keqtt1fgagqess5g7jj03alr0sropfv6', '127.0.0.1', '1517352866', 0x5f5f63695f6c6173745f726567656e65726174657c693a313531373335323836363b757365725f69647c733a313a2232223b61646d696e5f69647c733a313a2231223b), ('komun0f8k21sulcdaqb1rfr6t42oh4vu', '127.0.0.1', '1516922989', 0x5f5f63695f6c6173745f726567656e65726174657c693a313531363932323938393b61646d696e5f69647c733a313a2231223b757365725f69647c733a313a2232223b), ('l8ojqm0lo4gt9psd9538gn9m3lac8hq0', '127.0.0.1', '1517357818', 0x5f5f63695f6c6173745f726567656e65726174657c693a313531373335373831383b757365725f69647c733a313a2232223b61646d696e5f69647c733a313a2231223b), ('la59gblpkaa6n9bm617e2dnl9aqpoulv', '127.0.0.1', '1517439451', 0x5f5f63695f6c6173745f726567656e65726174657c693a313531373433393435313b61646d696e5f69647c733a313a2231223b), ('lgaoftr6r2v0fs9eg9hisihjl5s7gi3j', '127.0.0.1', '1516929211', 0x5f5f63695f6c6173745f726567656e65726174657c693a313531363932393231313b61646d696e5f69647c733a313a2231223b757365725f69647c733a313a2232223b), ('lorqjfajjbknrr7lu9cgs1opt56gdvle', '127.0.0.1', '1516757644', 0x5f5f63695f6c6173745f726567656e65726174657c693a313531363735373634343b61646d696e5f69647c733a313a2231223b), ('lp039acd3jq268c9h5u5dk93j9t88am3', '127.0.0.1', '1516918963', 0x5f5f63695f6c6173745f726567656e65726174657c693a313531363931383936333b61646d696e5f69647c733a313a2231223b), ('lpplvv0irq8r3bmpf27tfrmumt7r6vvn', '127.0.0.1', '1517349997', 0x5f5f63695f6c6173745f726567656e65726174657c693a313531373334393939373b), ('lsgg57rcoflbvc1kbqdolqkhvd6hod8j', '127.0.0.1', '1517365774', 0x5f5f63695f6c6173745f726567656e65726174657c693a313531373336353737343b757365725f69647c733a313a2232223b61646d696e5f69647c733a313a2231223b), ('m9826vc2a4rgjh2u07dipdbo97ouks3b', '127.0.0.1', '1516753875', 0x5f5f63695f6c6173745f726567656e65726174657c693a313531363735333837353b61646d696e5f69647c733a313a2231223b), ('mnevqc5o7ajhpmbdqdp2vhqjtmpfcf53', '127.0.0.1', '1516743671', 0x5f5f63695f6c6173745f726567656e65726174657c693a313531363734333637313b61646d696e5f69647c733a313a2231223b), ('moompuuiod62lp15fsjj55okek70hkdv', '127.0.0.1', '1516739000', 0x5f5f63695f6c6173745f726567656e65726174657c693a313531363733393030303b61646d696e5f69647c733a313a2231223b), ('mqu7pvhl5m9mh6b086g8sdvva0ns36c7', '127.0.0.1', '1517702038', 0x5f5f63695f6c6173745f726567656e65726174657c693a313531373730323033383b), ('msopp0t00umlip3jvdlhbnt13nvrkpb6', '127.0.0.1', '1516917395', 0x5f5f63695f6c6173745f726567656e65726174657c693a313531363931373339353b61646d696e5f69647c733a313a2231223b), ('n30gje0mv34hlkhljqbougro5cvm03s1', '127.0.0.1', '1517354604', 0x5f5f63695f6c6173745f726567656e65726174657c693a313531373335343630343b757365725f69647c733a313a2232223b61646d696e5f69647c733a313a2231223b), ('n5rsuo8vafk8tt8rnfksjpeoipjmen88', '127.0.0.1', '1516808537', 0x5f5f63695f6c6173745f726567656e65726174657c693a313531363830383533373b61646d696e5f69647c733a313a2231223b), ('ngch07fjbolsmq28suvo4sceqcm49s3j', '127.0.0.1', '1516754351', 0x5f5f63695f6c6173745f726567656e65726174657c693a313531363735343335313b61646d696e5f69647c733a313a2231223b), ('njnuda882jfqiqf8vnhbding04lkj8bh', '127.0.0.1', '1517355236', 0x5f5f63695f6c6173745f726567656e65726174657c693a313531373335353233363b757365725f69647c733a313a2232223b61646d696e5f69647c733a313a2231223b), ('nu5c8tbjs5pm1c58u37279j8m74k99ri', '127.0.0.1', '1516757064', 0x5f5f63695f6c6173745f726567656e65726174657c693a313531363735373036343b61646d696e5f69647c733a313a2231223b), ('o2cbrrjj78od7qkvmee28ngfkmhd2c7c', '127.0.0.1', '1516933232', 0x5f5f63695f6c6173745f726567656e65726174657c693a313531363933333233323b61646d696e5f69647c733a313a2231223b757365725f69647c733a313a2232223b), ('of89gl71juh61qtn7ljgdo7nv2ubphba', '127.0.0.1', '1517327498', 0x5f5f63695f6c6173745f726567656e65726174657c693a313531373332373439383b757365725f69647c733a313a2232223b), ('pdrebb1ot1jc0vqmeutc69lu37jmlj2k', '127.0.0.1', '1517532989', 0x5f5f63695f6c6173745f726567656e65726174657c693a313531373533323938393b61646d696e5f69647c733a313a2231223b), ('pdu9dcs2dj9k8qnbvhubeiojhhd1oc7b', '127.0.0.1', '1516925464', 0x5f5f63695f6c6173745f726567656e65726174657c693a313531363932353436343b61646d696e5f69647c733a313a2231223b757365725f69647c733a313a2232223b), ('pvkrls2th1btm29qpkla5nj9j50mncpu', '127.0.0.1', '1517529426', 0x5f5f63695f6c6173745f726567656e65726174657c693a313531373532393432363b61646d696e5f69647c733a313a2231223b), ('q7b04i8b7m29hltlupf4gg2l479jo4b6', '127.0.0.1', '1517360143', 0x5f5f63695f6c6173745f726567656e65726174657c693a313531373336303134333b757365725f69647c733a313a2232223b61646d696e5f69647c733a313a2231223b), ('q82kb4r970vtkoi85oi1t701h6vq0lso', '127.0.0.1', '1516809043', 0x5f5f63695f6c6173745f726567656e65726174657c693a313531363830393034333b61646d696e5f69647c733a313a2231223b), ('qagi13io0j7t7cmc36j0qkp8aq6n7r9j', '127.0.0.1', '1517531009', 0x5f5f63695f6c6173745f726567656e65726174657c693a313531373533313030393b61646d696e5f69647c733a313a2231223b), ('qsa9mkdir739f4un41o94tsciebo0krj', '127.0.0.1', '1516922541', 0x5f5f63695f6c6173745f726567656e65726174657c693a313531363932323534313b61646d696e5f69647c733a313a2231223b), ('qtfkaj7hi4iiuu1hr4pme9o422e3aq14', '127.0.0.1', '1516931193', 0x5f5f63695f6c6173745f726567656e65726174657c693a313531363933313139333b61646d696e5f69647c733a313a2231223b757365725f69647c733a313a2232223b), ('rfs3e46ltrfg1ipb8pravu2phj3dbn9s', '127.0.0.1', '1516746064', 0x5f5f63695f6c6173745f726567656e65726174657c693a313531363734363036343b61646d696e5f69647c733a313a2231223b), ('rt9ht51ubrubakuhjspunejglqhrj49u', '127.0.0.1', '1516853996', 0x5f5f63695f6c6173745f726567656e65726174657c693a313531363835333835333b61646d696e5f69647c733a313a2231223b), ('sb5coo6p7u42jemj6v985mmsn1ftp9kb', '127.0.0.1', '1516933992', 0x5f5f63695f6c6173745f726567656e65726174657c693a313531363933333939323b61646d696e5f69647c733a313a2231223b757365725f69647c733a313a2232223b), ('sepu020gs5l7gri2fihvpo8nf86bstqt', '127.0.0.1', '1516823443', 0x5f5f63695f6c6173745f726567656e65726174657c693a313531363832333430373b61646d696e5f69647c733a313a2231223b), ('sj07uud17od5o4cneu9rdp71kunl3fr4', '127.0.0.1', '1516928585', 0x5f5f63695f6c6173745f726567656e65726174657c693a313531363932383538353b61646d696e5f69647c733a313a2231223b757365725f69647c733a313a2232223b), ('snjm3s2jt219dbtp2e8spodhe4ftfciu', '127.0.0.1', '1516760016', 0x5f5f63695f6c6173745f726567656e65726174657c693a313531363735393939353b61646d696e5f69647c733a313a2231223b), ('stans9al7dm8i5h6opkchbgchq730erj', '127.0.0.1', '1516754862', 0x5f5f63695f6c6173745f726567656e65726174657c693a313531363735343836323b61646d696e5f69647c733a313a2231223b), ('stdst5bih3ieo7qkkglcv4u30thjl6nl', '127.0.0.1', '1517440227', 0x5f5f63695f6c6173745f726567656e65726174657c693a313531373434303232373b61646d696e5f69647c733a313a2231223b636172745f636f6e74656e74737c613a333a7b733a31303a22636172745f746f74616c223b643a313439393b733a31313a22746f74616c5f6974656d73223b643a313b733a33323a226338316537323864396434633266363336663036376638396363313438363263223b613a383a7b733a323a226964223b733a313a2232223b733a343a2274797065223b733a373a2270726f64756374223b733a343a226e616d65223b733a31313a224d6163426f6f6b20416972223b733a353a227072696365223b643a313439393b733a353a22696d616765223b733a31343a22313531353131333237372e6a7067223b733a333a22717479223b643a313b733a353a22726f776964223b733a33323a226338316537323864396434633266363336663036376638396363313438363263223b733a383a22737562746f74616c223b643a313439393b7d7d), ('submne6k0oor7ggink2dkmtuv9r8lj3t', '127.0.0.1', '1517619595', 0x5f5f63695f6c6173745f726567656e65726174657c693a313531373631393539353b), ('t091epc8b3en10gjgeja9f03tpoj6hfs', '127.0.0.1', '1517360490', 0x5f5f63695f6c6173745f726567656e65726174657c693a313531373336303439303b757365725f69647c733a313a2232223b61646d696e5f69647c733a313a2231223b), ('tboacalcl4k93u842l686gdhgb1pqe5s', '127.0.0.1', '1516759995', 0x5f5f63695f6c6173745f726567656e65726174657c693a313531363735393939353b61646d696e5f69647c733a313a2231223b), ('ti8b0ntnofsq3asurmccfah1lg1qig63', '127.0.0.1', '1517363112', 0x5f5f63695f6c6173745f726567656e65726174657c693a313531373336333131323b757365725f69647c733a313a2232223b61646d696e5f69647c733a313a2231223b), ('tlej008103fdia9mku3gkgp9vjg47lhv', '127.0.0.1', '1516759219', 0x5f5f63695f6c6173745f726567656e65726174657c693a313531363735393231393b61646d696e5f69647c733a313a2231223b), ('u7ck6c14lvlhrhc6onf7mplp07i5bgmr', '127.0.0.1', '1517351260', 0x5f5f63695f6c6173745f726567656e65726174657c693a313531373335313236303b757365725f69647c733a313a2232223b61646d696e5f69647c733a313a2231223b), ('uft28lan3a2kv23mlgr6k3ef5r5i2v58', '127.0.0.1', '1516751110', 0x5f5f63695f6c6173745f726567656e65726174657c693a313531363735313131303b61646d696e5f69647c733a313a2231223b), ('ulqtqpq5a1h7f6cbouarfru2isscf0ag', '127.0.0.1', '1516925788', 0x5f5f63695f6c6173745f726567656e65726174657c693a313531363932353738383b61646d696e5f69647c733a313a2231223b757365725f69647c733a313a2232223b), ('umpbvpqq0qhdpstpkq0q3cu0bicqfngr', '127.0.0.1', '1517528612', 0x5f5f63695f6c6173745f726567656e65726174657c693a313531373532383631323b), ('v7jvgn004c4mjrh9sj5c99tk7ppdruq3', '127.0.0.1', '1516746420', 0x5f5f63695f6c6173745f726567656e65726174657c693a313531363734363432303b61646d696e5f69647c733a313a2231223b), ('vd7pido6pg3uvtuclafm0lf9igt4trfd', '127.0.0.1', '1517362182', 0x5f5f63695f6c6173745f726567656e65726174657c693a313531373336323138323b757365725f69647c733a313a2232223b61646d696e5f69647c733a313a2231223b), ('vh7aqdbu47pkm8tadgi0bc4cj2r10317', '127.0.0.1', '1516805481', 0x5f5f63695f6c6173745f726567656e65726174657c693a313531363830353438313b61646d696e5f69647c733a313a2231223b), ('vnbmgahim66od2vjbsp61haqcr6dshh4', '127.0.0.1', '1516821929', 0x5f5f63695f6c6173745f726567656e65726174657c693a313531363832313932393b61646d696e5f69647c733a313a2231223b), ('vr54momnpmvvaer4e03v0npecenr9be9', '127.0.0.1', '1516919697', 0x5f5f63695f6c6173745f726567656e65726174657c693a313531363931393639373b61646d696e5f69647c733a313a2231223b), ('vt8j9gsrrpauq5tmbukuivcg0ta24bt0', '127.0.0.1', '1517530399', 0x5f5f63695f6c6173745f726567656e65726174657c693a313531373533303339393b61646d696e5f69647c733a313a2231223b);
COMMIT;

-- ----------------------------
--  Table structure for `clients`
-- ----------------------------
DROP TABLE IF EXISTS `clients`;
CREATE TABLE `clients` (
  `id` int(11) NOT NULL AUTO_INCREMENT,
  `type` enum('admin','member') DEFAULT 'member',
  `email` varchar(100) DEFAULT NULL,
  `password` varchar(100) DEFAULT NULL,
  `firstname` varchar(100) DEFAULT NULL,
  `lastname` varchar(100) DEFAULT NULL,
  `phone` varchar(15) DEFAULT NULL,
  `street` text,
  `company` varchar(200) DEFAULT NULL,
  `state` char(2) DEFAULT NULL,
  `zip` varchar(10) DEFAULT NULL,
  `country` char(2) DEFAULT NULL,
  PRIMARY KEY (`id`),
  UNIQUE KEY `unqemail` (`email`)
) ENGINE=InnoDB AUTO_INCREMENT=5 DEFAULT CHARSET=utf8;

-- ----------------------------
--  Records of `clients`
-- ----------------------------
BEGIN;
INSERT INTO `clients` VALUES ('1', 'admin', 'destinysage@gmail.com', 'justice', 'CONRAD', 'SAGE', '9548066879', '2020 John Dodgen Way', null, null, null, null), ('2', 'member', 'test@test.com', 'justice', 'Jerry', 'Sage', '9548066879', '2020 John Dodgen Way', 'Sunlure', 'FL', '30062', 'US'), ('3', 'member', 'jack@gmail.com', 'justice', 'Jack', 'Son', '9548066879', '10900 sw 104 st', null, 'KS', '33313', 'US'), ('4', 'member', 'camille@gmail.com', 'justice', 'Camille', 'Smith', '9548066879', '2020 John Dodgen Way', null, 'GA', '30062', 'US');
COMMIT;

-- ----------------------------
--  Table structure for `order_items`
-- ----------------------------
DROP TABLE IF EXISTS `order_items`;
CREATE TABLE `order_items` (
  `id` int(11) NOT NULL AUTO_INCREMENT,
  `order_id` int(11) NOT NULL,
  `product_id` int(11) NOT NULL,
  `quantity` int(5) NOT NULL,
  PRIMARY KEY (`id`),
  KEY `order_id` (`order_id`)
) ENGINE=InnoDB DEFAULT CHARSET=utf8;

-- ----------------------------
--  Table structure for `orders`
-- ----------------------------
DROP TABLE IF EXISTS `orders`;
CREATE TABLE `orders` (
  `id` int(11) NOT NULL AUTO_INCREMENT,
  `date` datetime DEFAULT NULL,
  `client_id` int(11) DEFAULT NULL,
  `total` varchar(5) DEFAULT NULL,
  `status` enum('pending','active','fulfilled','cancelled') DEFAULT 'pending',
  PRIMARY KEY (`id`)
) ENGINE=InnoDB AUTO_INCREMENT=3 DEFAULT CHARSET=utf8;

-- ----------------------------
--  Records of `orders`
-- ----------------------------
BEGIN;
INSERT INTO `orders` VALUES ('1', '2018-01-25 21:01:05', '2', '100', 'pending'), ('2', '2018-01-30 21:01:09', '2', '123', 'cancelled');
COMMIT;

-- ----------------------------
--  Table structure for `orders_products`
-- ----------------------------
DROP TABLE IF EXISTS `orders_products`;
CREATE TABLE `orders_products` (
  `id` int(11) NOT NULL AUTO_INCREMENT,
  `order_id` int(11) DEFAULT NULL,
  `product_id` int(11) DEFAULT NULL,
  PRIMARY KEY (`id`)
) ENGINE=InnoDB AUTO_INCREMENT=3 DEFAULT CHARSET=utf8;

-- ----------------------------
--  Records of `orders_products`
-- ----------------------------
BEGIN;
INSERT INTO `orders_products` VALUES ('1', '1', '5'), ('2', '1', '2');
COMMIT;

-- ----------------------------
--  Table structure for `page`
-- ----------------------------
DROP TABLE IF EXISTS `page`;
CREATE TABLE `page` (
  `id` int(11) NOT NULL AUTO_INCREMENT,
  `tag` varchar(100) DEFAULT NULL,
  `order` int(11) DEFAULT NULL,
  `section` varchar(100) DEFAULT NULL,
  `subsection` text,
  `image` varchar(100) DEFAULT NULL,
  `video` varchar(100) DEFAULT NULL,
  `mediatype` char(5) DEFAULT NULL,
  PRIMARY KEY (`id`)
) ENGINE=InnoDB AUTO_INCREMENT=13 DEFAULT CHARSET=utf8;

-- ----------------------------
--  Records of `page`
-- ----------------------------
BEGIN;
INSERT INTO `page` VALUES ('2', 'feature_work', null, 'Feature Work', 'Proin iaculis purus consequat sem cure digni ssim. Donec porttitora entum suscipit aenean rhoncus posuere odio in tincidunt. Proin iaculis purus consequat sem cure digni ssim. Donec porttitora entum suscipit.', '1514911986.png', 'https://www.youtube.com/watch?v=onCkAPEd5hM', 'image'), ('3', 'portfolio', null, 'PORTFOLIO', 'Fresh portfolio of designs that will keep you wanting more.', '', null, 'image'), ('4', 'quote', null, 'Quote', 'It was a pleasure to work with the guys at Knight Studio. They made sure we were well fed and drunk all the time!', '', null, 'image'), ('5', 'team', null, 'TEAM', 'Take a closer look into our amazing team. We won’t bite.', '223620-2001.png', null, 'image'), ('6', 'call_out', null, null, 'LET’S TALK BUSINESS.', '1515014856.jpg', null, 'image'), ('7', 'services', null, 'Services', 'We offer exceptional service with complimentary hugs.', '1514869773.png', null, 'image'), ('8', 'contact_us', null, null, null, null, null, null), ('10', 'home', null, 'Welcome To Knight Studios', 'WE ARE A DIGITAL AGENCY THAT LOVES CRAFTING BEAUTIFUL WEBSITES.', null, null, 'image'), ('11', 'links', null, null, null, null, null, null), ('12', 'store', null, 'Store', 'Our Beautiful Products', null, null, null);
COMMIT;

-- ----------------------------
--  Table structure for `page_categories`
-- ----------------------------
DROP TABLE IF EXISTS `page_categories`;
CREATE TABLE `page_categories` (
  `id` int(11) NOT NULL AUTO_INCREMENT,
  `page_id` int(11) DEFAULT NULL,
  `name` varchar(100) DEFAULT NULL,
  PRIMARY KEY (`id`),
  UNIQUE KEY `unq` (`page_id`,`name`)
) ENGINE=InnoDB AUTO_INCREMENT=14 DEFAULT CHARSET=utf8;

-- ----------------------------
--  Records of `page_categories`
-- ----------------------------
BEGIN;
INSERT INTO `page_categories` VALUES ('13', '3', 'Branding'), ('12', '3', 'Photography'), ('9', '3', 'Print Design'), ('8', '3', 'Web Design'), ('1', '5', 'Branding'), ('2', '5', 'Print Design');
COMMIT;

-- ----------------------------
--  Table structure for `page_elements`
-- ----------------------------
DROP TABLE IF EXISTS `page_elements`;
CREATE TABLE `page_elements` (
  `id` int(11) NOT NULL AUTO_INCREMENT,
  `page_id` int(11) DEFAULT NULL,
  `order` int(11) DEFAULT NULL,
  `category_id` int(11) DEFAULT NULL,
  `section` varchar(100) DEFAULT NULL,
  `subsection` text,
  `h1` text,
  `h2` text,
  `image` varchar(100) DEFAULT NULL,
  `video` varchar(100) DEFAULT NULL,
  `icon` varchar(50) DEFAULT NULL,
  `mediatype` char(5) DEFAULT NULL,
  PRIMARY KEY (`id`)
) ENGINE=InnoDB AUTO_INCREMENT=24 DEFAULT CHARSET=utf8;

-- ----------------------------
--  Records of `page_elements`
-- ----------------------------
BEGIN;
INSERT INTO `page_elements` VALUES ('1', '2', '2', null, 'NEATLY PACKAGED', 'Proin iaculis purus consequat sem cure digni ssim. Donec porttitora entum suscipit aenean rhoncus posuere odio in tincidunt.', null, null, null, null, 'fa-magic', 'icon'), ('2', '2', '1', null, 'MAGIC OF THEME DEVELOPMENT', 'Proin iaculis purus consequat sem cure digni ssim. Donec porttitora entum suscipit aenean rhoncus posuere odio in tincidunt.', null, null, '1514495560.jpg', null, 'fa-flask', 'icon'), ('5', '3', '1', '12', 'FOTO ALBUM', null, null, null, '1514928558.jpg', null, null, 'image'), ('6', '6', '12', null, 'asdad', 'qw', null, null, '1514495664.jpg', null, null, 'image'), ('7', '6', '0', null, 'qw', 'qw', '', '', '', '', null, 'image'), ('8', '2', '3', null, 'SEO OPTIMIZED', 'Proin iaculis purus consequat sem cure digni ssim. Donec porttitora entum suscipit aenean rhoncus posuere odio in tincidunt.', null, null, '1514588699.jpg', null, 'fa-search', 'icon'), ('9', '7', '1', null, 'BRANDING & IDENTITY', 'Proin iaculis purus digni consequat sem digni ssim. Donec entum digni ssim.', null, null, '', null, 'fa-barcode', 'icon'), ('10', '7', '2', null, ' WEB DEVELOPMENT', 'Proin iaculis purus consequat sem digni ssim. Digni ssim porttitora .', null, null, '', null, 'fa-cog', 'icon'), ('11', '7', '3', null, ' MOBILE DESIGN', 'Proin iaculis purus consequat digni sem digni ssim. Purus donec porttitora entum.', null, null, '', null, 'fa-drupal', 'icon'), ('12', '7', '4', null, '24/7 SUPPORT', 'Proin iaculis purus consequat sem digni ssim. Sem porttitora entum.', null, null, '', null, 'fa-life-ring', 'icon'), ('16', '3', '2', '8', 'LUCA THEME', '', '', '', '1514930062.jpg', '', '', 'image'), ('17', '3', '4', '12', 'VINYL RECORD', null, null, null, '1514932990.jpg', null, '', 'image'), ('18', '3', '3', '9', 'UNI SANS', '', '', '', '1514933126.jpg', '', '', 'image'), ('19', '3', '5', '13', 'HIPSTER', null, null, null, '1514933181.jpg', null, '', 'image'), ('20', '3', '6', '12', 'WINDMILLS', '', '', '', '1514933474.jpg', '', '', 'image'), ('21', '5', '1', null, 'WALTER WHITE', 'Chief Executive Officer', 'Lorem ipsum dolor sit amet, consectetur adipiscing elit. Proin consequat sollicitudin cursus. Dolor sit amet, consectetur adipiscing elit proin consequat.', 'mail@mail.com', '1515008686.jpg', null, '', 'image'), ('22', '5', '2', null, 'JESSE PINKMAN', 'Product Manager', 'Lorem ipsum dolor sit amet, consectetur adipiscing elit. Proin consequat sollicitudin cursus. Dolor sit amet, consectetur adipiscing elit proin consequat.', 'mail@mail.com', '1515008729.jpg', null, '', 'image'), ('23', '5', '3', null, 'SKYLER WHITE', 'Accountant', 'Lorem ipsum dolor sit amet, consectetur adipiscing elit. Proin consequat sollicitudin cursus. Dolor sit amet, consectetur adipiscing elit proin consequat.', 'mail@mail.com', '1515008789.jpg', null, '', 'image');
COMMIT;

-- ----------------------------
--  Table structure for `products`
-- ----------------------------
DROP TABLE IF EXISTS `products`;
CREATE TABLE `products` (
  `id` int(128) NOT NULL AUTO_INCREMENT,
  `type` enum('product','service') DEFAULT 'product',
  `name` varchar(128) NOT NULL,
  `description` text,
  `price` varchar(32) NOT NULL,
  `image` varchar(128) NOT NULL,
  `order` int(11) DEFAULT NULL,
  PRIMARY KEY (`id`)
) ENGINE=MyISAM AUTO_INCREMENT=14 DEFAULT CHARSET=latin1;

-- ----------------------------
--  Records of `products`
-- ----------------------------
BEGIN;
INSERT INTO `products` VALUES ('2', 'product', 'MacBook Air', '1223', '1499', '1515113277.jpg', '5'), ('5', 'product', 'test role', '2323', '1.23', '1515113319.jpg', '2'), ('10', 'product', 'product abc', 'This is a new description', '45.89', '1515113294.jpg', '3'), ('9', 'product', 'Product 123', 'This is a product description', '12.34', '1515113285.jpg', '4'), ('11', 'service', 'Cleaning', 'per hour', '12', '1515363677.jpg', '12'), ('12', 'service', 'test role service', '12', '1234', '1515711773.jpg', '13'), ('13', 'service', 'test role', 'jtyty', '89.00', '1517440367.jpg', '8');
COMMIT;

-- ----------------------------
--  Table structure for `tasks`
-- ----------------------------
DROP TABLE IF EXISTS `tasks`;
CREATE TABLE `tasks` (
  `id` int(11) NOT NULL AUTO_INCREMENT,
  `client_id` int(11) DEFAULT NULL,
  `summary` varchar(100) DEFAULT NULL,
  `description` text,
  `status` enum('pending','active','fulfilled','cancelled') DEFAULT 'pending',
  `date_created` datetime DEFAULT NULL,
  `last_updated` datetime DEFAULT NULL,
  PRIMARY KEY (`id`)
) ENGINE=InnoDB AUTO_INCREMENT=7 DEFAULT CHARSET=utf8;

-- ----------------------------
--  Records of `tasks`
-- ----------------------------
BEGIN;
INSERT INTO `tasks` VALUES ('1', '2', 'Platform Application Testing', 'asd asdasd', 'pending', '2018-01-30 20:03:19', '2018-01-31 17:54:13'), ('2', '2', 'asdasd', 'asd asda sdasd', 'active', '2018-01-31 17:51:07', null), ('3', '1', 'Platform Application Testing', 'sdf', 'pending', '2018-01-31 17:46:03', null), ('4', '3', 'View/Delete IPsec Policies', 'sdfsfsdf', 'pending', '2018-01-31 17:49:35', null), ('5', '4', 'I want logo design', 'thiasd sa asdasd', 'fulfilled', '2018-01-31 18:14:34', '2018-01-31 18:14:53'), ('6', '4', 'Platform Application Testing', 'sgsf', 'active', '2018-01-31 18:17:54', '2018-01-31 18:17:54');
COMMIT;

SET FOREIGN_KEY_CHECKS = 1;
